{"cameraMode":{"drawMode":0,"name":"Shaded","section":"Shading Mode"},"sceneLighting":true,"audioPlay":false,"sceneViewState":{"showFog":true,"showMaterialUpdate":false,"showSkybox":true,"showFlares":true,"showImageEffects":true,"showParticleSystems":true,"showVisualEffectGraphs":true,"m_FxEnabled":true},"in2DMode":false,"pivot":{"x":0.14915195107460023,"y":-0.06170248985290527,"z":-0.3714759349822998},"rotation":{"x":0.3326098322868347,"y":0.1267772763967514,"z":-0.045175641775131229,"w":0.9334118366241455},"size":-1.1238346099853516,"orthographic":false}