{"cameraMode":{"drawMode":0,"name":"Shaded","section":"Shading Mode"},"sceneLighting":false,"audioPlay":false,"sceneViewState":{"showFog":true,"showMaterialUpdate":false,"showSkybox":false,"showFlares":true,"showImageEffects":true,"showParticleSystems":true,"showVisualEffectGraphs":true,"m_FxEnabled":true},"in2DMode":false,"pivot":{"x":-0.14457398653030396,"y":0.11472123861312866,"z":0.14553308486938477},"rotation":{"x":0.3326098322868347,"y":0.1267772763967514,"z":-0.045175641775131229,"w":0.9334118366241455},"size":1.1394866704940797,"orthographic":false}